BFSNR;NAME;DATUM;WAHLBERECHTIGTE;EINGELANGTE;LEERE;UNGUELTIGE;GUELTIGE;AEBI;FERI;GALLATI;GLARNER;LISCHER;LUESCHER;VEREINZELTE
19;Kanton Aargau;2019-10-20;419164.0;183984.0;1602.0;359.0;182023.0;21882.0;44765.0;63830.0;27940.0;1345.0;20311.0;1950.0
1901;Bezirk Aarau;2019-10-20;49470.0;24215.0;164.0;48.0;24003.0;3020.0;6577.0;7116.0;3504.0;112.0;3504.0;170.0
1902;Bezirk Baden;2019-10-20;84622.0;38801.0;412.0;78.0;38311.0;5301.0;10747.0;11556.0;5936.0;263.0;4106.0;402.0
1903;Bezirk Bremgarten;2019-10-20;47674.0;20559.0;163.0;71.0;20325.0;2642.0;4440.0;7959.0;3205.0;185.0;1652.0;242.0
1904;Bezirk Brugg;2019-10-20;32186.0;15357.0;131.0;25.0;15201.0;1705.0;4029.0;5115.0;2478.0;93.0;1639.0;142.0
1905;Bezirk Kulm;2019-10-20;25791.0;10506.0;55.0;28.0;10423.0;894.0;1699.0;4601.0;1189.0;90.0;1837.0;113.0
1906;Bezirk Laufenburg;2019-10-20;21308.0;9026.0;111.0;16.0;8899.0;988.0;2315.0;3366.0;1236.0;58.0;793.0;143.0
1907;Bezirk Lenzburg;2019-10-20;40201.0;17984.0;97.0;29.0;17858.0;1943.0;3931.0;6112.0;3842.0;112.0;1758.0;160.0
1908;Bezirk Muri;2019-10-20;24042.0;9976.0;99.0;19.0;9858.0;1237.0;1874.0;4221.0;1452.0;180.0;770.0;124.0
1909;Bezirk Rheinfelden;2019-10-20;29297.0;11198.0;148.0;24.0;11026.0;1564.0;3008.0;3488.0;1654.0;86.0;1088.0;138.0
1910;Bezirk Zofingen;2019-10-20;44491.0;17670.0;129.0;14.0;17527.0;1794.0;4034.0;6790.0;2096.0;101.0;2531.0;181.0
1911;Bezirk Zurzach;2019-10-20;20082.0;8692.0;93.0;7.0;8592.0;794.0;2111.0;3506.0;1348.0;65.0;633.0;135.0
4001;Aarau;2019-10-20;14467.0;7965.0;67.0;13.0;7885.0;1147.0;2616.0;1671.0;1100.0;30.0;1284.0;37.0
4002;Biberstein;2019-10-20;1194.0;679.0;5.0;0.0;674.0;99.0;181.0;179.0;115.0;3.0;90.0;7.0
4003;Buchs (AG);2019-10-20;4188.0;1869.0;10.0;4.0;1855.0;243.0;455.0;581.0;313.0;11.0;245.0;7.0
4004;Densbüren;2019-10-20;555.0;237.0;2.0;0.0;235.0;22.0;49.0;114.0;23.0;4.0;18.0;5.0
4005;Erlinsbach (AG);2019-10-20;2911.0;1572.0;8.0;1.0;1563.0;203.0;351.0;582.0;247.0;10.0;163.0;7.0
4006;Gränichen;2019-10-20;5108.0;2205.0;12.0;2.0;2191.0;209.0;489.0;864.0;318.0;10.0;270.0;31.0
4007;Hirschthal;2019-10-20;1145.0;497.0;2.0;0.0;495.0;53.0;60.0;208.0;69.0;2.0;102.0;1.0
4008;Küttigen;2019-10-20;4319.0;2389.0;13.0;10.0;2366.0;320.0;653.0;681.0;381.0;10.0;295.0;26.0
4009;Muhen;2019-10-20;2718.0;1165.0;8.0;4.0;1153.0;96.0;196.0;473.0;154.0;4.0;218.0;12.0
4010;Oberentfelden;2019-10-20;4848.0;1877.0;11.0;0.0;1866.0;204.0;445.0;666.0;273.0;8.0;257.0;13.0
4012;Suhr;2019-10-20;5580.0;2577.0;19.0;7.0;2551.0;294.0;782.0;723.0;330.0;12.0;392.0;18.0
4013;Unterentfelden;2019-10-20;2437.0;1183.0;7.0;7.0;1169.0;130.0;300.0;374.0;181.0;8.0;170.0;6.0
4021;Baden;2019-10-20;11987.0;6320.0;72.0;19.0;6229.0;953.0;2206.0;1174.0;913.0;40.0;885.0;58.0
4022;Bellikon;2019-10-20;1172.0;601.0;5.0;2.0;594.0;85.0;118.0;236.0;91.0;6.0;54.0;4.0
4023;Bergdietikon;2019-10-20;1869.0;784.0;9.0;0.0;775.0;123.0;111.0;312.0;144.0;4.0;70.0;11.0
4024;Birmenstorf (AG);2019-10-20;1930.0;876.0;12.0;0.0;864.0;134.0;169.0;313.0;156.0;0.0;79.0;13.0
4026;Ennetbaden;2019-10-20;2196.0;1385.0;5.0;1.0;1379.0;222.0;499.0;229.0;218.0;6.0;199.0;6.0
4027;Fislisbach;2019-10-20;3375.0;1418.0;27.0;18.0;1373.0;197.0;395.0;416.0;210.0;10.0;141.0;4.0
4028;Freienwil;2019-10-20;724.0;407.0;5.0;0.0;402.0;54.0;112.0;112.0;67.0;3.0;46.0;8.0
4029;Gebenstorf;2019-10-20;3303.0;1419.0;2.0;0.0;1417.0;197.0;395.0;455.0;211.0;11.0;137.0;11.0
4030;Killwangen;2019-10-20;1198.0;459.0;7.0;1.0;451.0;54.0;112.0;158.0;72.0;5.0;50.0;0.0
4031;Künten;2019-10-20;1207.0;515.0;5.0;1.0;509.0;76.0;92.0;215.0;71.0;4.0;44.0;7.0
4032;Mägenwil;2019-10-20;1287.0;517.0;6.0;0.0;511.0;56.0;99.0;198.0;113.0;3.0;36.0;6.0
4033;Mellingen;2019-10-20;3087.0;1208.0;14.0;0.0;1194.0;177.0;276.0;433.0;192.0;8.0;97.0;11.0
4034;Neuenhof;2019-10-20;3804.0;1266.0;21.0;0.0;1245.0;133.0;372.0;455.0;143.0;5.0;111.0;26.0
4035;Niederrohrdorf;2019-10-20;2687.0;1313.0;9.0;1.0;1303.0;197.0;303.0;410.0;251.0;7.0;119.0;16.0
4037;Oberrohrdorf;2019-10-20;2818.0;1498.0;19.0;3.0;1476.0;241.0;298.0;487.0;300.0;9.0;122.0;19.0
4038;Obersiggenthal;2019-10-20;4878.0;2438.0;19.0;5.0;2414.0;309.0;756.0;692.0;361.0;14.0;258.0;24.0
4039;Remetschwil;2019-10-20;1410.0;693.0;1.0;4.0;688.0;117.0;124.0;258.0;139.0;8.0;36.0;6.0
4040;Spreitenbach;2019-10-20;4731.0;1206.0;13.0;3.0;1190.0;128.0;355.0;430.0;152.0;11.0;99.0;15.0
4041;Stetten (AG);2019-10-20;1361.0;546.0;4.0;3.0;539.0;65.0;117.0;217.0;92.0;5.0;38.0;5.0
4042;Turgi;2019-10-20;1532.0;650.0;11.0;5.0;634.0;76.0;255.0;153.0;64.0;2.0;76.0;8.0
4044;Untersiggenthal;2019-10-20;4201.0;1999.0;23.0;0.0;1976.0;223.0;551.0;624.0;313.0;15.0;231.0;19.0
4045;Wettingen;2019-10-20;12556.0;6108.0;76.0;7.0;6025.0;826.0;1814.0;1663.0;832.0;50.0;777.0;63.0
4046;Wohlenschwil;2019-10-20;1025.0;444.0;6.0;1.0;437.0;66.0;97.0;147.0;74.0;3.0;45.0;5.0
4047;Würenlingen;2019-10-20;2853.0;1299.0;5.0;1.0;1293.0;124.0;275.0;590.0;197.0;10.0;86.0;11.0
4048;Würenlos;2019-10-20;4206.0;1925.0;23.0;0.0;1902.0;265.0;474.0;669.0;315.0;17.0;138.0;24.0
4049;Ehrendingen;2019-10-20;3225.0;1507.0;13.0;3.0;1491.0;203.0;372.0;510.0;245.0;7.0;132.0;22.0
4061;Arni (AG);2019-10-20;1288.0;598.0;13.0;2.0;583.0;100.0;111.0;196.0;121.0;3.0;46.0;6.0
4062;Berikon;2019-10-20;3162.0;1408.0;21.0;5.0;1382.0;209.0;292.0;533.0;238.0;10.0;95.0;5.0
4063;Bremgarten (AG);2019-10-20;5240.0;2219.0;17.0;10.0;2192.0;312.0;631.0;678.0;292.0;20.0;235.0;24.0
4064;Büttikon;2019-10-20;652.0;252.0;0.0;0.0;252.0;32.0;31.0;136.0;35.0;1.0;16.0;1.0
4065;Dottikon;2019-10-20;1994.0;789.0;1.0;3.0;785.0;77.0;178.0;340.0;136.0;2.0;45.0;7.0
4066;Eggenwil;2019-10-20;681.0;344.0;2.0;0.0;342.0;53.0;67.0;130.0;55.0;3.0;25.0;9.0
4067;Fischbach-Göslikon;2019-10-20;1060.0;430.0;2.0;0.0;428.0;32.0;75.0;228.0;51.0;6.0;34.0;2.0
4068;Hägglingen;2019-10-20;1693.0;765.0;6.0;0.0;759.0;91.0;169.0;279.0;121.0;12.0;79.0;8.0
4071;Jonen;2019-10-20;1454.0;638.0;2.0;0.0;636.0;112.0;142.0;202.0;98.0;6.0;67.0;9.0
4072;Niederwil (AG);2019-10-20;1881.0;817.0;11.0;0.0;806.0;95.0;174.0;353.0;119.0;12.0;47.0;6.0
4073;Oberlunkhofen;2019-10-20;1436.0;673.0;5.0;1.0;667.0;99.0;121.0;242.0;132.0;9.0;60.0;4.0
4074;Oberwil-Lieli;2019-10-20;1704.0;900.0;3.0;1.0;896.0;130.0;150.0;395.0;162.0;5.0;45.0;9.0
4075;Rudolfstetten-Friedlisberg;2019-10-20;2632.0;989.0;10.0;3.0;976.0;141.0;252.0;366.0;125.0;8.0;71.0;13.0
4076;Sarmenstorf;2019-10-20;1987.0;842.0;4.0;0.0;838.0;98.0;166.0;390.0;118.0;4.0;46.0;16.0
4077;Tägerig;2019-10-20;933.0;466.0;9.0;0.0;457.0;57.0;102.0;197.0;53.0;3.0;33.0;12.0
4078;Uezwil;2019-10-20;353.0;150.0;3.0;0.0;147.0;15.0;21.0;76.0;22.0;1.0;10.0;2.0
4079;Unterlunkhofen;2019-10-20;1068.0;470.0;8.0;0.0;462.0;82.0;76.0;182.0;68.0;6.0;44.0;4.0
4080;Villmergen;2019-10-20;4106.0;1527.0;17.0;0.0;1510.0;155.0;259.0;687.0;250.0;19.0;117.0;23.0
4081;Widen;2019-10-20;2561.0;1303.0;17.0;7.0;1279.0;156.0;267.0;463.0;258.0;11.0;109.0;15.0
4082;Wohlen (AG);2019-10-20;8418.0;3470.0;3.0;38.0;3429.0;364.0;861.0;1301.0;506.0;29.0;318.0;50.0
4083;Zufikon;2019-10-20;2942.0;1321.0;9.0;1.0;1311.0;189.0;293.0;506.0;210.0;14.0;84.0;15.0
4084;Islisberg;2019-10-20;429.0;188.0;0.0;0.0;188.0;43.0;2.0;79.0;35.0;1.0;26.0;2.0
4091;Auenstein;2019-10-20;1177.0;605.0;5.0;0.0;600.0;50.0;131.0;199.0;155.0;0.0;60.0;5.0
4092;Birr;2019-10-20;1981.0;704.0;4.0;1.0;699.0;57.0;166.0;297.0;112.0;10.0;51.0;6.0
4093;Birrhard;2019-10-20;539.0;233.0;4.0;0.0;229.0;23.0;40.0;101.0;38.0;2.0;22.0;3.0
4094;Bözen;2019-10-20;574.0;259.0;0.0;2.0;257.0;23.0;43.0;132.0;35.0;3.0;11.0;10.0
4095;Brugg;2019-10-20;6843.0;3508.0;29.0;2.0;3477.0;464.0;1135.0;811.0;526.0;17.0;495.0;29.0
4096;Effingen;2019-10-20;422.0;187.0;2.0;1.0;184.0;20.0;44.0;64.0;26.0;1.0;23.0;6.0
4097;Elfingen;2019-10-20;229.0;94.0;0.0;0.0;94.0;10.0;30.0;30.0;11.0;1.0;12.0;0.0
4099;Habsburg;2019-10-20;320.0;189.0;0.0;1.0;188.0;27.0;25.0;76.0;35.0;0.0;25.0;0.0
4100;Hausen (AG);2019-10-20;2275.0;1020.0;19.0;2.0;999.0;105.0;234.0;393.0;167.0;4.0;81.0;15.0
4104;Lupfig;2019-10-20;2127.0;958.0;6.0;0.0;952.0;99.0;216.0;379.0;159.0;7.0;86.0;6.0
4105;Mandach;2019-10-20;245.0;122.0;1.0;0.0;121.0;9.0;13.0;68.0;24.0;1.0;6.0;0.0
4106;Mönthal;2019-10-20;295.0;123.0;2.0;0.0;121.0;17.0;17.0;65.0;15.0;0.0;7.0;0.0
4107;Mülligen;2019-10-20;712.0;325.0;7.0;3.0;315.0;42.0;74.0;118.0;43.0;1.0;32.0;5.0
4110;Remigen;2019-10-20;789.0;428.0;1.0;0.0;427.0;51.0;88.0;177.0;76.0;2.0;32.0;1.0
4111;Riniken;2019-10-20;966.0;523.0;9.0;1.0;513.0;51.0;126.0;181.0;91.0;8.0;55.0;1.0
4112;Rüfenach;2019-10-20;623.0;323.0;0.0;2.0;321.0;46.0;90.0;121.0;36.0;2.0;22.0;4.0
4114;Schinznach-Bad;2019-10-20;800.0;366.0;1.0;0.0;365.0;33.0;81.0;132.0;88.0;0.0;30.0;1.0
4117;Thalheim (AG);2019-10-20;623.0;301.0;3.0;4.0;294.0;20.0;64.0;126.0;54.0;2.0;26.0;2.0
4120;Veltheim (AG);2019-10-20;1018.0;426.0;2.0;0.0;424.0;35.0;90.0;156.0;88.0;5.0;41.0;9.0
4121;Villigen;2019-10-20;1285.0;606.0;5.0;0.0;601.0;76.0;125.0;257.0;75.0;5.0;58.0;5.0
4122;Villnachern;2019-10-20;1107.0;519.0;3.0;0.0;516.0;51.0;126.0;197.0;82.0;3.0;55.0;2.0
4123;Windisch;2019-10-20;4447.0;2099.0;18.0;1.0;2080.0;271.0;752.0;467.0;285.0;12.0;273.0;20.0
4124;Bözberg;2019-10-20;1211.0;623.0;5.0;5.0;613.0;57.0;129.0;283.0;88.0;1.0;52.0;3.0
4125;Schinznach;2019-10-20;1578.0;816.0;5.0;0.0;811.0;68.0;190.0;285.0;169.0;6.0;84.0;9.0
4131;Beinwil am See;2019-10-20;2341.0;1099.0;4.0;3.0;1092.0;113.0;220.0;387.0;171.0;7.0;182.0;12.0
4132;Birrwil;2019-10-20;857.0;419.0;3.0;1.0;415.0;37.0;82.0;161.0;64.0;3.0;64.0;4.0
4133;Burg (AG);2019-10-20;554.0;171.0;0.0;0.0;171.0;24.0;38.0;73.0;16.0;1.0;14.0;5.0
4134;Dürrenäsch;2019-10-20;881.0;422.0;3.0;1.0;418.0;23.0;57.0;222.0;63.0;4.0;43.0;6.0
4135;Gontenschwil;2019-10-20;1481.0;604.0;4.0;1.0;599.0;47.0;72.0;311.0;70.0;3.0;89.0;7.0
4136;Holziken;2019-10-20;1006.0;375.0;1.0;0.0;374.0;25.0;37.0;208.0;37.0;3.0;62.0;2.0
4137;Leimbach (AG);2019-10-20;339.0;141.0;1.0;0.0;140.0;11.0;29.0;66.0;13.0;3.0;16.0;2.0
4138;Leutwil;2019-10-20;579.0;280.0;2.0;0.0;278.0;19.0;37.0;147.0;36.0;0.0;36.0;3.0
4139;Menziken;2019-10-20;3257.0;1128.0;11.0;5.0;1112.0;78.0;251.0;460.0;136.0;18.0;162.0;7.0
4140;Oberkulm;2019-10-20;1724.0;726.0;4.0;4.0;718.0;51.0;109.0;367.0;78.0;5.0;101.0;7.0
4141;Reinach (AG);2019-10-20;4369.0;1495.0;5.0;10.0;1480.0;102.0;275.0;690.0;184.0;16.0;205.0;8.0
4142;Schlossrued;2019-10-20;635.0;263.0;3.0;0.0;260.0;17.0;20.0;132.0;11.0;1.0;77.0;2.0
4143;Schmiedrued;2019-10-20;863.0;345.0;0.0;0.0;345.0;24.0;37.0;174.0;14.0;2.0;81.0;13.0
4144;Schöftland;2019-10-20;3081.0;1436.0;7.0;0.0;1429.0;197.0;161.0;465.0;114.0;8.0;478.0;6.0
4145;Teufenthal (AG);2019-10-20;1048.0;426.0;0.0;0.0;426.0;38.0;86.0;197.0;36.0;7.0;50.0;12.0
4146;Unterkulm;2019-10-20;1815.0;712.0;3.0;3.0;706.0;41.0;130.0;311.0;87.0;6.0;125.0;6.0
4147;Zetzwil;2019-10-20;961.0;464.0;4.0;0.0;460.0;47.0;58.0;230.0;59.0;3.0;52.0;11.0
4161;Eiken;2019-10-20;1472.0;484.0;5.0;0.0;479.0;42.0;147.0;176.0;72.0;5.0;32.0;5.0
4163;Frick;2019-10-20;3417.0;1416.0;17.0;1.0;1398.0;148.0;384.0;460.0;229.0;7.0;133.0;37.0
4164;Gansingen;2019-10-20;785.0;394.0;7.0;0.0;387.0;42.0;93.0;171.0;46.0;2.0;26.0;7.0
4165;Gipf-Oberfrick;2019-10-20;2515.0;1217.0;26.0;0.0;1191.0;178.0;367.0;364.0;168.0;8.0;97.0;9.0
4166;Herznach;2019-10-20;1069.0;482.0;6.0;1.0;475.0;52.0;90.0;184.0;84.0;7.0;56.0;2.0
4167;Hornussen;2019-10-20;633.0;210.0;3.0;2.0;205.0;25.0;58.0;88.0;18.0;0.0;11.0;5.0
4169;Kaisten;2019-10-20;1798.0;699.0;9.0;0.0;690.0;70.0;201.0;245.0;96.0;4.0;68.0;6.0
4170;Laufenburg;2019-10-20;1986.0;856.0;14.0;2.0;840.0;74.0;244.0;291.0;124.0;10.0;85.0;12.0
4172;Münchwilen (AG);2019-10-20;554.0;222.0;1.0;0.0;221.0;25.0;59.0;90.0;33.0;1.0;12.0;1.0
4173;Oberhof;2019-10-20;398.0;200.0;0.0;1.0;199.0;21.0;49.0;81.0;22.0;2.0;20.0;4.0
4175;Oeschgen;2019-10-20;704.0;264.0;4.0;0.0;260.0;41.0;54.0;97.0;33.0;1.0;30.0;4.0
4176;Schwaderloch;2019-10-20;428.0;155.0;0.0;0.0;155.0;9.0;23.0;91.0;21.0;1.0;7.0;3.0
4177;Sisseln;2019-10-20;968.0;281.0;1.0;0.0;280.0;36.0;62.0;134.0;22.0;3.0;19.0;4.0
4179;Ueken;2019-10-20;607.0;224.0;1.0;2.0;221.0;21.0;53.0;97.0;26.0;2.0;16.0;6.0
4181;Wittnau;2019-10-20;977.0;492.0;4.0;0.0;488.0;58.0;99.0;205.0;75.0;3.0;40.0;8.0
4182;Wölflinswil;2019-10-20;758.0;358.0;1.0;7.0;350.0;41.0;84.0;145.0;36.0;1.0;35.0;8.0
4183;Zeihen;2019-10-20;795.0;423.0;1.0;0.0;422.0;36.0;84.0;188.0;50.0;0.0;59.0;5.0
4184;Mettauertal;2019-10-20;1444.0;649.0;11.0;0.0;638.0;69.0;164.0;259.0;81.0;1.0;47.0;17.0
4191;Ammerswil;2019-10-20;482.0;202.0;0.0;1.0;201.0;23.0;50.0;82.0;21.0;1.0;24.0;0.0
4192;Boniswil;2019-10-20;1034.0;487.0;0.0;1.0;486.0;54.0;99.0;195.0;79.0;1.0;57.0;1.0
4193;Brunegg;2019-10-20;531.0;193.0;0.0;0.0;193.0;18.0;28.0;79.0;54.0;1.0;11.0;2.0
4194;Dintikon;2019-10-20;1347.0;518.0;2.0;4.0;512.0;55.0;77.0;233.0;94.0;5.0;42.0;6.0
4195;Egliswil;2019-10-20;1064.0;474.0;0.0;0.0;474.0;57.0;79.0;197.0;88.0;2.0;49.0;2.0
4196;Fahrwangen;2019-10-20;1392.0;492.0;5.0;0.0;487.0;75.0;110.0;176.0;63.0;6.0;54.0;3.0
4197;Hallwil;2019-10-20;597.0;228.0;3.0;1.0;224.0;20.0;36.0;105.0;34.0;2.0;23.0;4.0
4198;Hendschiken;2019-10-20;862.0;329.0;0.0;3.0;326.0;35.0;80.0;129.0;53.0;5.0;19.0;5.0
4199;Holderbank (AG);2019-10-20;745.0;266.0;0.0;0.0;266.0;17.0;26.0;137.0;65.0;4.0;14.0;3.0
4200;Hunzenschwil;2019-10-20;2292.0;757.0;8.0;6.0;743.0;50.0;148.0;346.0;130.0;5.0;58.0;6.0
4201;Lenzburg;2019-10-20;6497.0;3212.0;19.0;0.0;3193.0;470.0;943.0;640.0;713.0;13.0;376.0;38.0
4202;Meisterschwanden;2019-10-20;2080.0;939.0;5.0;0.0;934.0;119.0;143.0;394.0;198.0;5.0;66.0;9.0
4203;Möriken-Wildegg;2019-10-20;2880.0;1391.0;5.0;1.0;1385.0;106.0;254.0;405.0;509.0;6.0;98.0;7.0
4204;Niederlenz;2019-10-20;2685.0;1112.0;2.0;0.0;1110.0;122.0;367.0;286.0;226.0;11.0;94.0;4.0
4205;Othmarsingen;2019-10-20;1751.0;675.0;5.0;3.0;667.0;67.0;129.0;267.0;123.0;5.0;71.0;5.0
4206;Rupperswil;2019-10-20;3406.0;1660.0;18.0;4.0;1638.0;146.0;323.0;596.0;397.0;8.0;147.0;21.0
4207;Schafisheim;2019-10-20;1957.0;865.0;6.0;0.0;859.0;96.0;204.0;297.0;144.0;8.0;98.0;12.0
4208;Seengen;2019-10-20;2916.0;1528.0;5.0;0.0;1523.0;125.0;226.0;657.0;328.0;12.0;155.0;20.0
4209;Seon;2019-10-20;3200.0;1402.0;8.0;2.0;1392.0;105.0;335.0;527.0;246.0;8.0;162.0;9.0
4210;Staufen;2019-10-20;2483.0;1254.0;6.0;3.0;1245.0;183.0;274.0;364.0;277.0;4.0;140.0;3.0
4221;Abtwil;2019-10-20;656.0;242.0;1.0;0.0;241.0;37.0;29.0;110.0;35.0;7.0;18.0;5.0
4222;Aristau;2019-10-20;1001.0;390.0;2.0;0.0;388.0;61.0;67.0;176.0;52.0;3.0;24.0;5.0
4223;Auw;2019-10-20;1284.0;474.0;10.0;0.0;464.0;65.0;74.0;221.0;68.0;9.0;22.0;5.0
4224;Beinwil (Freiamt);2019-10-20;847.0;374.0;6.0;5.0;363.0;47.0;45.0;163.0;72.0;7.0;22.0;7.0
4226;Besenbüren;2019-10-20;437.0;199.0;5.0;1.0;193.0;13.0;42.0;82.0;38.0;2.0;16.0;0.0
4227;Bettwil;2019-10-20;454.0;226.0;0.0;0.0;226.0;22.0;36.0;104.0;35.0;3.0;18.0;8.0
4228;Boswil;2019-10-20;1851.0;748.0;5.0;0.0;743.0;68.0;122.0;379.0;109.0;9.0;42.0;14.0
4229;Bünzen;2019-10-20;723.0;362.0;7.0;0.0;355.0;35.0;62.0;166.0;48.0;2.0;40.0;2.0
4230;Buttwil;2019-10-20;861.0;377.0;3.0;0.0;374.0;54.0;71.0;131.0;60.0;2.0;50.0;6.0
4231;Dietwil;2019-10-20;863.0;326.0;2.0;2.0;322.0;41.0;38.0;157.0;51.0;16.0;13.0;6.0
4232;Geltwil;2019-10-20;157.0;75.0;0.0;0.0;75.0;6.0;9.0;33.0;23.0;1.0;3.0;0.0
4233;Kallern;2019-10-20;262.0;111.0;0.0;1.0;110.0;5.0;22.0;53.0;12.0;3.0;14.0;1.0
4234;Merenschwand;2019-10-20;2288.0;1060.0;14.0;4.0;1042.0;134.0;189.0;435.0;161.0;22.0;81.0;20.0
4235;Mühlau;2019-10-20;774.0;296.0;1.0;1.0;294.0;34.0;47.0;133.0;41.0;13.0;25.0;1.0
4236;Muri (AG);2019-10-20;5128.0;2158.0;15.0;0.0;2143.0;271.0;560.0;795.0;248.0;27.0;218.0;24.0
4237;Oberrüti;2019-10-20;1031.0;394.0;3.0;2.0;389.0;69.0;70.0;139.0;79.0;9.0;21.0;2.0
4238;Rottenschwil;2019-10-20;657.0;282.0;2.0;2.0;278.0;27.0;56.0;140.0;29.0;5.0;21.0;0.0
4239;Sins;2019-10-20;2736.0;1044.0;15.0;1.0;1028.0;159.0;164.0;430.0;182.0;29.0;50.0;14.0
4240;Waltenschwil;2019-10-20;2032.0;838.0;8.0;0.0;830.0;89.0;171.0;374.0;109.0;11.0;72.0;4.0
4251;Hellikon;2019-10-20;603.0;226.0;0.0;3.0;223.0;17.0;36.0;109.0;34.0;1.0;22.0;4.0
4252;Kaiseraugst;2019-10-20;3207.0;1016.0;16.0;0.0;1000.0;117.0;309.0;305.0;178.0;10.0;72.0;9.0
4253;Magden;2019-10-20;2646.0;1196.0;5.0;5.0;1186.0;211.0;303.0;338.0;182.0;12.0;120.0;20.0
4254;Möhlin;2019-10-20;6721.0;2222.0;19.0;2.0;2201.0;316.0;615.0;751.0;277.0;14.0;203.0;25.0
4255;Mumpf;2019-10-20;874.0;240.0;3.0;4.0;233.0;33.0;47.0;99.0;33.0;3.0;18.0;0.0
4256;Obermumpf;2019-10-20;736.0;280.0;2.0;1.0;277.0;31.0;92.0;86.0;34.0;2.0;22.0;10.0
4257;Olsberg;2019-10-20;272.0;138.0;0.0;0.0;138.0;17.0;35.0;50.0;19.0;1.0;11.0;5.0
4258;Rheinfelden;2019-10-20;7658.0;3300.0;65.0;7.0;3228.0;522.0;973.0;795.0;499.0;24.0;381.0;34.0
4259;Schupfart;2019-10-20;573.0;278.0;4.0;0.0;274.0;22.0;62.0;131.0;50.0;0.0;8.0;1.0
4260;Stein (AG);2019-10-20;1574.0;560.0;11.0;0.0;549.0;48.0;133.0;198.0;108.0;4.0;51.0;7.0
4261;Wallbach;2019-10-20;1407.0;569.0;10.0;0.0;559.0;82.0;127.0;209.0;83.0;3.0;52.0;3.0
4262;Wegenstetten;2019-10-20;773.0;308.0;3.0;2.0;303.0;36.0;59.0;133.0;40.0;2.0;28.0;5.0
4263;Zeiningen;2019-10-20;1608.0;619.0;7.0;0.0;612.0;88.0;156.0;196.0;95.0;9.0;58.0;10.0
4264;Zuzgen;2019-10-20;645.0;246.0;3.0;0.0;243.0;24.0;61.0;88.0;22.0;1.0;42.0;5.0
4271;Aarburg;2019-10-20;3868.0;1342.0;7.0;0.0;1335.0;143.0;372.0;464.0;179.0;14.0;139.0;24.0
4273;Bottenwil;2019-10-20;594.0;268.0;1.0;0.0;267.0;28.0;48.0;127.0;16.0;1.0;47.0;0.0
4274;Brittnau;2019-10-20;2851.0;1208.0;13.0;0.0;1195.0;113.0;271.0;504.0;130.0;10.0;157.0;10.0
4275;Kirchleerau;2019-10-20;619.0;296.0;0.0;2.0;294.0;22.0;33.0;154.0;24.0;2.0;58.0;1.0
4276;Kölliken;2019-10-20;2915.0;1130.0;5.0;1.0;1124.0;76.0;234.0;445.0;108.0;5.0;245.0;11.0
4277;Moosleerau;2019-10-20;648.0;281.0;0.0;1.0;280.0;18.0;36.0;154.0;14.0;0.0;58.0;0.0
4279;Murgenthal;2019-10-20;1997.0;707.0;6.0;3.0;698.0;71.0;125.0;354.0;81.0;3.0;57.0;7.0
4280;Oftringen;2019-10-20;7303.0;2350.0;16.0;0.0;2334.0;263.0;596.0;869.0;295.0;15.0;266.0;30.0
4281;Reitnau;2019-10-20;1074.0;519.0;1.0;0.0;518.0;36.0;44.0;261.0;38.0;3.0;133.0;3.0
4282;Rothrist;2019-10-20;5683.0;1994.0;8.0;1.0;1985.0;153.0;415.0;929.0;256.0;5.0;211.0;16.0
4283;Safenwil;2019-10-20;2488.0;862.0;9.0;2.0;851.0;70.0;192.0;362.0;97.0;3.0;120.0;7.0
4284;Staffelbach;2019-10-20;901.0;354.0;4.0;0.0;350.0;27.0;39.0;163.0;22.0;0.0;93.0;6.0
4285;Strengelbach;2019-10-20;2945.0;1178.0;6.0;0.0;1172.0;126.0;303.0;450.0;129.0;8.0;140.0;16.0
4286;Uerkheim;2019-10-20;1005.0;388.0;1.0;0.0;387.0;26.0;48.0;195.0;40.0;4.0;71.0;3.0
4287;Vordemwald;2019-10-20;1480.0;649.0;4.0;0.0;645.0;64.0;138.0;251.0;77.0;4.0;104.0;7.0
4288;Wiliberg;2019-10-20;140.0;86.0;0.0;0.0;86.0;5.0;16.0;53.0;2.0;2.0;8.0;0.0
4289;Zofingen;2019-10-20;7980.0;4058.0;48.0;4.0;4006.0;553.0;1124.0;1055.0;588.0;22.0;624.0;40.0
4301;Baldingen;2019-10-20;195.0;77.0;1.0;0.0;76.0;5.0;13.0;26.0;21.0;0.0;10.0;1.0
4302;Böbikon;2019-10-20;131.0;69.0;3.0;0.0;66.0;6.0;7.0;37.0;5.0;1.0;8.0;2.0
4303;Böttstein;2019-10-20;1998.0;789.0;4.0;2.0;783.0;64.0;168.0;386.0;109.0;7.0;37.0;12.0
4304;Döttingen;2019-10-20;2009.0;774.0;11.0;1.0;762.0;65.0;169.0;325.0;133.0;9.0;45.0;16.0
4305;Endingen;2019-10-20;1636.0;830.0;13.0;0.0;817.0;81.0;234.0;273.0;151.0;0.0;63.0;15.0
4306;Fisibach;2019-10-20;277.0;114.0;0.0;0.0;114.0;8.0;25.0;51.0;14.0;1.0;15.0;0.0
4307;Full-Reuenthal;2019-10-20;576.0;266.0;1.0;0.0;265.0;17.0;55.0;100.0;66.0;5.0;17.0;5.0
4308;Kaiserstuhl;2019-10-20;223.0;104.0;0.0;2.0;102.0;13.0;35.0;29.0;12.0;1.0;12.0;0.0
4309;Klingnau;2019-10-20;2080.0;906.0;11.0;0.0;895.0;81.0;222.0;336.0;162.0;4.0;80.0;10.0
4310;Koblenz;2019-10-20;806.0;269.0;2.0;0.0;267.0;23.0;78.0;107.0;35.0;1.0;21.0;2.0
4311;Leibstadt;2019-10-20;750.0;312.0;7.0;0.0;305.0;17.0;51.0;166.0;51.0;3.0;10.0;7.0
4312;Lengnau (AG);2019-10-20;1868.0;886.0;7.0;0.0;879.0;82.0;222.0;370.0;127.0;7.0;60.0;11.0
4313;Leuggern;2019-10-20;1434.0;690.0;8.0;0.0;682.0;52.0;144.0;326.0;104.0;12.0;32.0;12.0
4314;Mellikon;2019-10-20;153.0;88.0;1.0;0.0;87.0;6.0;35.0;18.0;12.0;1.0;15.0;0.0
4315;Rekingen (AG);2019-10-20;531.0;189.0;1.0;0.0;188.0;12.0;49.0;85.0;28.0;2.0;11.0;1.0
4316;Rietheim;2019-10-20;386.0;157.0;0.0;0.0;157.0;15.0;47.0;51.0;22.0;1.0;19.0;2.0
4317;Rümikon;2019-10-20;180.0;74.0;1.0;0.0;73.0;1.0;15.0;36.0;16.0;0.0;4.0;1.0
4318;Schneisingen;2019-10-20;1102.0;508.0;6.0;0.0;502.0;65.0;111.0;198.0;68.0;5.0;52.0;3.0
4319;Siglistorf;2019-10-20;405.0;186.0;0.0;0.0;186.0;19.0;42.0;92.0;17.0;3.0;10.0;3.0
4320;Tegerfelden;2019-10-20;795.0;327.0;5.0;1.0;321.0;34.0;67.0;140.0;50.0;1.0;22.0;7.0
4322;Wislikofen;2019-10-20;250.0;114.0;1.0;0.0;113.0;12.0;35.0;40.0;16.0;1.0;9.0;0.0
4323;Bad Zurzach;2019-10-20;2297.0;963.0;10.0;1.0;952.0;116.0;287.0;314.0;129.0;0.0;81.0;25.0
