BFSNR;NAME;DATUM;WAHLBERECHTIGTE;BRIEFEINGEL;BRIEFUNGUELTG;URNEN_STIMMABG;EINGELANGTE;LEERE;UNGUELTIGE;GUELTIGE;BALLY;BINDER_KELLER;BURKART;FLACH;FRAUCHIGER;KNECHT;LEUTWYLER;LISCHER;MÜRI;WERMUTH;VEREINZELTE;VEREINZELTLEERE;VEREINZELTUNGUE
19;Kanton Aargau;2019-10-20;429507.0;191532.0;1872.0;7488.0;190672.0;614.0;148.0;189910.0;21706.0;36700.0;82515.0;23158.0;9784.0;72574.0;5786.0;1663.0;40560.0;55274.0;5590.0;23703.0;807.0
1901;Bezirk Aarau;2019-10-20;49470.0;25106.0;282.0;663.0;24769.0;77.0;10.0;24682.0;3151.0;3800.0;10535.0;3377.0;1448.0;7799.0;641.0;159.0;6180.0;8892.0;576.0;2696.0;110.0
1902;Bezirk Baden;2019-10-20;84622.0;39305.0;351.0;1844.0;39987.0;136.0;31.0;39820.0;3871.0;9689.0;17959.0;4946.0;1620.0;12527.0;1373.0;250.0;10117.0;12100.0;913.0;4131.0;144.0
1903;Bezirk Bremgarten;2019-10-20;47674.0;21192.0;251.0;911.0;21062.0;71.0;16.0;20975.0;2441.0;4534.0;9525.0;2680.0;674.0;8330.0;618.0;244.0;3900.0;5435.0;681.0;2791.0;97.0
1904;Bezirk Brugg;2019-10-20;32186.0;15692.0;120.0;466.0;15694.0;42.0;8.0;15644.0;1768.0;2687.0;6839.0;2193.0;1279.0;5813.0;413.0;94.0;3592.0;4535.0;387.0;1620.0;68.0
1905;Bezirk Kulm;2019-10-20;25791.0;10689.0;74.0;364.0;10665.0;19.0;10.0;10636.0;1284.0;1312.0;5173.0;856.0;895.0;5316.0;370.0;131.0;1633.0;2413.0;380.0;1420.0;89.0
1906;Bezirk Laufenburg;2019-10-20;21308.0;9312.0;78.0;377.0;9320.0;28.0;9.0;9283.0;1113.0;2153.0;3562.0;921.0;358.0;4207.0;257.0;66.0;1705.0;2459.0;313.0;1411.0;41.0
1907;Bezirk Lenzburg;2019-10-20;40201.0;18741.0;201.0;617.0;18406.0;48.0;9.0;18349.0;2605.0;2663.0;8366.0;2427.0;894.0;7219.0;547.0;154.0;3613.0;5153.0;595.0;2383.0;79.0
1908;Bezirk Muri;2019-10-20;24042.0;10426.0;102.0;364.0;10309.0;21.0;12.0;10276.0;1195.0;2720.0;4552.0;1139.0;340.0;4457.0;322.0;191.0;1640.0;2229.0;416.0;1298.0;53.0
1909;Bezirk Rheinfelden;2019-10-20;29297.0;12136.0;137.0;441.0;11547.0;83.0;21.0;11443.0;1379.0;2287.0;3806.0;1608.0;497.0;4195.0;388.0;126.0;2786.0;3635.0;404.0;1738.0;37.0
1910;Bezirk Zofingen;2019-10-20;44491.0;18123.0;192.0;899.0;18076.0;50.0;8.0;18018.0;2078.0;2438.0;7803.0;1880.0;1450.0;7448.0;530.0;164.0;3248.0;5756.0;566.0;2639.0;36.0
1911;Bezirk Zurzach;2019-10-20;20082.0;8886.0;74.0;534.0;9102.0;28.0;10.0;9064.0;658.0;2134.0;3943.0;764.0;223.0;4870.0;252.0;72.0;1441.0;2057.0;250.0;1414.0;50.0
4001;Aarau;2019-10-20;14467.0;8158.0;87.0;274.0;8196.0;37.0;3.0;8156.0;1029.0;1273.0;2983.0;1329.0;334.0;1798.0;221.0;39.0;2716.0;3653.0;154.0;755.0;28.0
4002;Biberstein;2019-10-20;1194.0;676.0;2.0;26.0;687.0;0.0;0.0;687.0;102.0;106.0;317.0;106.0;40.0;213.0;15.0;5.0;152.0;232.0;5.0;81.0;0.0
4003;Buchs (AG);2019-10-20;4188.0;1949.0;19.0;41.0;1910.0;5.0;0.0;1905.0;254.0;320.0;823.0;238.0;121.0;665.0;49.0;13.0;443.0;628.0;34.0;218.0;4.0
4004;Densbüren;2019-10-20;555.0;242.0;0.0;11.0;244.0;1.0;0.0;243.0;24.0;24.0;101.0;29.0;21.0;128.0;9.0;4.0;42.0;54.0;10.0;40.0;0.0
4005;Erlinsbach (AG);2019-10-20;2911.0;1834.0;34.0;62.0;1610.0;0.0;0.0;1610.0;225.0;275.0;768.0;190.0;63.0;589.0;44.0;15.0;296.0;479.0;42.0;191.0;43.0
4006;Gränichen;2019-10-20;5108.0;2266.0;30.0;44.0;2245.0;3.0;0.0;2242.0;283.0;305.0;1096.0;241.0;176.0;927.0;66.0;22.0;397.0;615.0;67.0;281.0;8.0
4007;Hirschthal;2019-10-20;1145.0;508.0;4.0;17.0;512.0;0.0;0.0;512.0;63.0;78.0;282.0;48.0;31.0;242.0;13.0;3.0;66.0;100.0;8.0;87.0;3.0
4008;Küttigen;2019-10-20;4319.0;2436.0;13.0;25.0;2413.0;7.0;2.0;2404.0;309.0;382.0;1034.0;347.0;148.0;704.0;59.0;16.0;635.0;868.0;54.0;249.0;3.0
4009;Muhen;2019-10-20;2718.0;1206.0;19.0;20.0;1190.0;5.0;0.0;1185.0;145.0;140.0;618.0;133.0;90.0;575.0;43.0;9.0;159.0;280.0;31.0;143.0;4.0
4010;Oberentfelden;2019-10-20;4848.0;1926.0;19.0;62.0;1925.0;5.0;0.0;1920.0;277.0;303.0;901.0;201.0;145.0;760.0;54.0;13.0;339.0;574.0;55.0;215.0;3.0
4012;Suhr;2019-10-20;5580.0;2670.0;39.0;35.0;2611.0;11.0;3.0;2597.0;295.0;378.0;1022.0;350.0;202.0;763.0;64.0;20.0;712.0;1042.0;64.0;268.0;14.0
4013;Unterentfelden;2019-10-20;2437.0;1235.0;16.0;46.0;1226.0;3.0;2.0;1221.0;145.0;216.0;590.0;165.0;77.0;435.0;4.0;0.0;223.0;367.0;52.0;168.0;0.0
4021;Baden;2019-10-20;11987.0;6178.0;66.0;422.0;6530.0;14.0;5.0;6511.0;588.0;1364.0;2527.0;984.0;173.0;1240.0;229.0;38.0;2495.0;2744.0;113.0;509.0;18.0
4022;Bellikon;2019-10-20;1172.0;607.0;4.0;27.0;612.0;0.0;0.0;612.0;84.0;133.0;301.0;85.0;20.0;237.0;22.0;5.0;115.0;136.0;15.0;69.0;2.0
4023;Bergdietikon;2019-10-20;1869.0;838.0;6.0;12.0;811.0;5.0;1.0;805.0;98.0;109.0;370.0;134.0;46.0;370.0;29.0;5.0;160.0;155.0;16.0;117.0;1.0
4024;Birmenstorf (AG);2019-10-20;1930.0;930.0;13.0;24.0;908.0;0.0;0.0;908.0;107.0;263.0;474.0;93.0;44.0;331.0;35.0;2.0;173.0;184.0;20.0;88.0;2.0
4026;Ennetbaden;2019-10-20;2196.0;1410.0;13.0;55.0;1427.0;0.0;0.0;1427.0;109.0;348.0;527.0;207.0;39.0;247.0;30.0;3.0;577.0;633.0;23.0;106.0;5.0
4027;Fislisbach;2019-10-20;3375.0;1460.0;28.0;61.0;1466.0;8.0;8.0;1450.0;162.0;390.0;728.0;159.0;67.0;473.0;50.0;9.0;329.0;365.0;5.0;138.0;25.0
4028;Freienwil;2019-10-20;724.0;386.0;0.0;39.0;418.0;1.0;0.0;417.0;47.0;96.0;174.0;39.0;31.0;128.0;6.0;2.0;130.0;142.0;6.0;30.0;3.0
4029;Gebenstorf;2019-10-20;3303.0;1459.0;9.0;55.0;1477.0;5.0;0.0;1472.0;144.0;345.0;683.0;199.0;56.0;475.0;48.0;10.0;343.0;445.0;28.0;168.0;0.0
4030;Killwangen;2019-10-20;1198.0;468.0;2.0;21.0;472.0;1.0;0.0;471.0;45.0;122.0;195.0;58.0;17.0;174.0;23.0;7.0;104.0;116.0;12.0;67.0;2.0
4031;Künten;2019-10-20;1207.0;538.0;4.0;17.0;540.0;2.0;2.0;536.0;70.0;118.0;231.0;64.0;23.0;236.0;31.0;5.0;93.0;115.0;15.0;64.0;7.0
4032;Mägenwil;2019-10-20;1287.0;523.0;6.0;19.0;525.0;1.0;0.0;524.0;68.0;150.0;290.0;52.0;16.0;201.0;11.0;6.0;74.0;107.0;15.0;56.0;2.0
4033;Mellingen;2019-10-20;3087.0;1263.0;7.0;35.0;1255.0;4.0;0.0;1251.0;107.0;345.0;601.0;170.0;51.0;460.0;55.0;6.0;220.0;303.0;41.0;139.0;4.0
4034;Neuenhof;2019-10-20;3804.0;1284.0;10.0;62.0;1300.0;11.0;1.0;1288.0;109.0;323.0;538.0;131.0;50.0;455.0;55.0;15.0;261.0;398.0;53.0;179.0;9.0
4035;Niederrohrdorf;2019-10-20;2687.0;1334.0;6.0;73.0;1369.0;2.0;0.0;1367.0;216.0;326.0;769.0;144.0;44.0;451.0;54.0;5.0;259.0;328.0;42.0;92.0;4.0
4037;Oberrohrdorf;2019-10-20;2818.0;1514.0;13.0;63.0;1545.0;7.0;0.0;1538.0;190.0;429.0;855.0;177.0;54.0;514.0;65.0;6.0;273.0;332.0;28.0;143.0;10.0
4038;Obersiggenthal;2019-10-20;4878.0;2351.0;9.0;166.0;2479.0;9.0;4.0;2466.0;206.0;627.0;1198.0;265.0;96.0;746.0;68.0;15.0;669.0;791.0;39.0;211.0;1.0
4039;Remetschwil;2019-10-20;1410.0;707.0;11.0;46.0;721.0;0.0;0.0;721.0;95.0;173.0;394.0;90.0;33.0;274.0;35.0;6.0;111.0;140.0;26.0;65.0;0.0
4040;Spreitenbach;2019-10-20;4731.0;1245.0;4.0;43.0;1242.0;6.0;1.0;1235.0;115.0;245.0;515.0;131.0;55.0;480.0;40.0;11.0;260.0;372.0;49.0;191.0;6.0
4041;Stetten (AG);2019-10-20;1361.0;553.0;3.0;31.0;561.0;2.0;0.0;559.0;57.0;165.0;268.0;53.0;22.0;221.0;20.0;3.0;105.0;125.0;18.0;61.0;0.0
4042;Turgi;2019-10-20;1532.0;674.0;14.0;25.0;674.0;5.0;0.0;669.0;51.0;133.0;224.0;74.0;18.0;171.0;21.0;6.0;224.0;301.0;20.0;93.0;2.0
4044;Untersiggenthal;2019-10-20;4201.0;2032.0;18.0;86.0;2058.0;9.0;0.0;2049.0;169.0;538.0;927.0;220.0;73.0;693.0;53.0;15.0;501.0;626.0;44.0;233.0;6.0
4045;Wettingen;2019-10-20;12556.0;6288.0;64.0;210.0;6243.0;35.0;1.0;6207.0;519.0;1626.0;2644.0;845.0;305.0;1720.0;213.0;40.0;1704.0;2010.0;146.0;618.0;24.0
4046;Wohlenschwil;2019-10-20;1025.0;454.0;4.0;21.0;460.0;1.0;0.0;459.0;63.0;104.0;184.0;50.0;45.0;156.0;13.0;3.0;97.0;127.0;11.0;63.0;2.0
4047;Würenlingen;2019-10-20;2853.0;1315.0;8.0;63.0;1355.0;1.0;0.0;1354.0;92.0;306.0;675.0;120.0;44.0;734.0;40.0;7.0;181.0;256.0;33.0;219.0;1.0
4048;Würenlos;2019-10-20;4206.0;1921.0;15.0;101.0;1969.0;5.0;6.0;1958.0;216.0;530.0;928.0;231.0;107.0;749.0;64.0;18.0;328.0;445.0;59.0;240.0;1.0
4049;Ehrendingen;2019-10-20;3225.0;1573.0;14.0;67.0;1570.0;2.0;2.0;1566.0;144.0;381.0;739.0;171.0;91.0;591.0;63.0;2.0;331.0;404.0;36.0;172.0;7.0
4061;Arni (AG);2019-10-20;1288.0;622.0;1.0;42.0;612.0;11.0;0.0;601.0;99.0;88.0;253.0;118.0;24.0;217.0;21.0;10.0;137.0;139.0;14.0;79.0;3.0
4062;Berikon;2019-10-20;3162.0;1495.0;25.0;30.0;1444.0;5.0;3.0;1436.0;156.0;320.0;611.0;204.0;42.0;543.0;45.0;14.0;302.0;376.0;31.0;221.0;7.0
4063;Bremgarten (AG);2019-10-20;5240.0;2306.0;23.0;89.0;2272.0;7.0;5.0;2260.0;218.0;446.0;865.0;338.0;67.0;718.0;61.0;27.0;602.0;825.0;53.0;291.0;9.0
4064;Büttikon;2019-10-20;652.0;261.0;0.0;7.0;259.0;1.0;0.0;258.0;30.0;94.0;134.0;22.0;18.0;111.0;5.0;2.0;27.0;40.0;3.0;30.0;0.0
4065;Dottikon;2019-10-20;1994.0;813.0;15.0;32.0;804.0;2.0;0.0;802.0;120.0;179.0;363.0;67.0;27.0;372.0;22.0;10.0;120.0;163.0;25.0;130.0;6.0
4066;Eggenwil;2019-10-20;681.0;354.0;2.0;7.0;351.0;2.0;0.0;349.0;39.0;54.0;152.0;57.0;13.0;142.0;12.0;4.0;77.0;84.0;13.0;48.0;3.0
4067;Fischbach-Göslikon;2019-10-20;1060.0;440.0;3.0;3.0;434.0;0.0;0.0;434.0;42.0;84.0;199.0;47.0;16.0;234.0;18.0;10.0;55.0;90.0;15.0;58.0;0.0
4068;Hägglingen;2019-10-20;1693.0;780.0;3.0;31.0;787.0;1.0;0.0;786.0;134.0;174.0;328.0;99.0;32.0;323.0;21.0;8.0;116.0;185.0;29.0;119.0;4.0
4071;Jonen;2019-10-20;1454.0;685.0;23.0;13.0;672.0;1.0;0.0;671.0;67.0;136.0;291.0;123.0;20.0;229.0;25.0;9.0;167.0;181.0;26.0;68.0;0.0
4072;Niederwil (AG);2019-10-20;1881.0;827.0;5.0;53.0;843.0;0.0;0.0;843.0;100.0;231.0;423.0;84.0;25.0;387.0;16.0;15.0;94.0;175.0;11.0;123.0;2.0
4073;Oberlunkhofen;2019-10-20;1436.0;722.0;4.0;27.0;702.0;2.0;0.0;700.0;81.0;172.0;333.0;97.0;25.0;246.0;22.0;8.0;139.0;151.0;32.0;94.0;0.0
4074;Oberwil-Lieli;2019-10-20;1704.0;939.0;5.0;33.0;937.0;1.0;0.0;936.0;102.0;179.0;469.0;134.0;22.0;418.0;24.0;5.0;140.0;207.0;34.0;137.0;1.0
4075;Rudolfstetten-Friedlisberg;2019-10-20;2632.0;1002.0;8.0;56.0;1009.0;2.0;2.0;1005.0;96.0;226.0;445.0;133.0;19.0;387.0;32.0;14.0;204.0;296.0;43.0;114.0;1.0
4076;Sarmenstorf;2019-10-20;1987.0;856.0;17.0;38.0;859.0;1.0;0.0;858.0;80.0;196.0;463.0;82.0;25.0;405.0;23.0;7.0;127.0;169.0;34.0;103.0;2.0
4077;Tägerig;2019-10-20;933.0;515.0;4.0;9.0;480.0;2.0;1.0;477.0;57.0;101.0;212.0;46.0;20.0;204.0;14.0;10.0;77.0;112.0;9.0;78.0;14.0
4078;Uezwil;2019-10-20;353.0;153.0;2.0;7.0;153.0;0.0;0.0;153.0;27.0;29.0;61.0;12.0;7.0;85.0;3.0;0.0;16.0;32.0;0.0;27.0;7.0
4079;Unterlunkhofen;2019-10-20;1068.0;481.0;3.0;26.0;483.0;3.0;0.0;480.0;50.0;99.0;216.0;78.0;6.0;216.0;19.0;10.0;92.0;111.0;6.0;56.0;1.0
4080;Villmergen;2019-10-20;4106.0;1513.0;19.0;66.0;1533.0;8.0;0.0;1525.0;203.0;299.0;771.0;151.0;58.0;727.0;57.0;14.0;193.0;295.0;53.0;226.0;3.0
4081;Widen;2019-10-20;2561.0;1326.0;19.0;42.0;1318.0;3.0;3.0;1312.0;115.0;252.0;669.0;180.0;37.0;502.0;46.0;14.0;242.0;355.0;46.0;156.0;10.0
4082;Wohlen (AG);2019-10-20;8418.0;3456.0;52.0;241.0;3540.0;16.0;2.0;3522.0;445.0;823.0;1589.0;396.0;127.0;1242.0;85.0;36.0;686.0;1030.0;134.0;432.0;19.0
4083;Zufikon;2019-10-20;2942.0;1415.0;16.0;56.0;1350.0;3.0;0.0;1347.0;160.0;305.0;595.0;177.0;33.0;532.0;41.0;14.0;239.0;362.0;65.0;166.0;5.0
4084;Islisberg;2019-10-20;429.0;231.0;2.0;3.0;220.0;0.0;0.0;220.0;20.0;47.0;83.0;35.0;11.0;90.0;6.0;3.0;48.0;57.0;5.0;35.0;0.0
4091;Auenstein;2019-10-20;1177.0;610.0;2.0;17.0;613.0;0.0;1.0;612.0;80.0;82.0;286.0;191.0;40.0;234.0;6.0;0.0;79.0;140.0;26.0;60.0;0.0
4092;Birr;2019-10-20;1981.0;735.0;7.0;12.0;715.0;1.0;0.0;714.0;58.0;107.0;379.0;73.0;57.0;315.0;32.0;6.0;105.0;198.0;11.0;86.0;1.0
4093;Birrhard;2019-10-20;539.0;240.0;2.0;3.0;236.0;2.0;0.0;234.0;27.0;33.0;103.0;32.0;16.0;124.0;3.0;5.0;35.0;43.0;3.0;44.0;0.0
4094;Bözen;2019-10-20;574.0;264.0;0.0;14.0;266.0;0.0;0.0;266.0;38.0;46.0;110.0;21.0;13.0;148.0;14.0;3.0;33.0;49.0;11.0;45.0;1.0
4095;Brugg;2019-10-20;6843.0;3492.0;37.0;175.0;3573.0;10.0;0.0;3563.0;405.0;700.0;1336.0;528.0;239.0;952.0;87.0;18.0;1087.0;1301.0;111.0;346.0;16.0
4096;Effingen;2019-10-20;422.0;198.0;2.0;11.0;198.0;0.0;0.0;198.0;18.0;31.0;71.0;22.0;11.0;86.0;10.0;2.0;52.0;59.0;3.0;23.0;8.0
4097;Elfingen;2019-10-20;229.0;97.0;1.0;3.0;94.0;0.0;0.0;94.0;9.0;20.0;36.0;12.0;2.0;38.0;1.0;0.0;29.0;35.0;1.0;3.0;2.0
4099;Habsburg;2019-10-20;320.0;199.0;1.0;2.0;195.0;0.0;0.0;195.0;28.0;31.0;99.0;30.0;19.0;80.0;1.0;1.0;36.0;41.0;2.0;20.0;2.0
4100;Hausen (AG);2019-10-20;2275.0;1043.0;5.0;21.0;1047.0;2.0;0.0;1045.0;145.0;195.0;543.0;139.0;64.0;437.0;27.0;5.0;163.0;254.0;24.0;86.0;8.0
4104;Lupfig;2019-10-20;2127.0;986.0;6.0;22.0;976.0;1.0;0.0;975.0;113.0;173.0;495.0;101.0;67.0;421.0;37.0;11.0;169.0;238.0;23.0;99.0;3.0
4105;Mandach;2019-10-20;245.0;115.0;0.0;12.0;127.0;0.0;0.0;127.0;9.0;15.0;62.0;10.0;1.0;93.0;4.0;2.0;13.0;14.0;3.0;28.0;0.0
4106;Mönthal;2019-10-20;295.0;127.0;2.0;2.0;124.0;0.0;0.0;124.0;13.0;20.0;68.0;13.0;8.0;72.0;2.0;0.0;14.0;16.0;4.0;18.0;0.0
4107;Mülligen;2019-10-20;712.0;334.0;2.0;7.0;331.0;3.0;1.0;327.0;29.0;61.0;143.0;49.0;18.0;130.0;6.0;1.0;65.0;96.0;11.0;42.0;3.0
4110;Remigen;2019-10-20;789.0;439.0;1.0;9.0;442.0;0.0;0.0;442.0;51.0;78.0;241.0;40.0;41.0;204.0;9.0;1.0;70.0;97.0;7.0;44.0;1.0
4111;Riniken;2019-10-20;966.0;579.0;7.0;12.0;533.0;4.0;0.0;529.0;62.0;112.0;225.0;74.0;53.0;200.0;8.0;4.0;102.0;153.0;6.0;58.0;1.0
4112;Rüfenach;2019-10-20;623.0;338.0;3.0;1.0;331.0;0.0;2.0;329.0;26.0;61.0;146.0;42.0;29.0;141.0;9.0;0.0;65.0;86.0;10.0;43.0;0.0
4114;Schinznach-Bad;2019-10-20;800.0;380.0;5.0;7.0;380.0;0.0;0.0;380.0;44.0;83.0;190.0;44.0;23.0;164.0;17.0;3.0;58.0;82.0;8.0;41.0;3.0
4117;Thalheim (AG);2019-10-20;623.0;306.0;2.0;8.0;311.0;3.0;4.0;304.0;36.0;30.0;119.0;38.0;120.0;139.0;5.0;1.0;46.0;49.0;6.0;18.0;1.0
4120;Veltheim (AG);2019-10-20;1018.0;433.0;2.0;14.0;436.0;0.0;0.0;436.0;49.0;45.0;181.0;73.0;53.0;189.0;16.0;4.0;86.0;111.0;18.0;46.0;1.0
4121;Villigen;2019-10-20;1285.0;618.0;3.0;17.0;619.0;5.0;0.0;614.0;65.0;106.0;317.0;61.0;24.0;295.0;26.0;6.0;108.0;133.0;21.0;61.0;5.0
4122;Villnachern;2019-10-20;1107.0;523.0;4.0;10.0;520.0;0.0;0.0;520.0;71.0;87.0;260.0;75.0;48.0;213.0;17.0;2.0;95.0;116.0;7.0;48.0;1.0
4123;Windisch;2019-10-20;4447.0;2156.0;11.0;51.0;2151.0;8.0;0.0;2143.0;208.0;368.0;774.0;338.0;135.0;511.0;46.0;7.0;771.0;901.0;33.0;187.0;7.0
4124;Bözberg;2019-10-20;1211.0;625.0;1.0;18.0;639.0;0.0;0.0;639.0;78.0;103.0;280.0;65.0;60.0;310.0;18.0;5.0;128.0;130.0;17.0;83.0;1.0
4125;Schinznach;2019-10-20;1578.0;855.0;14.0;18.0;837.0;3.0;0.0;834.0;106.0;100.0;375.0;122.0;138.0;317.0;12.0;7.0;183.0;193.0;21.0;91.0;3.0
4131;Beinwil am See;2019-10-20;2341.0;1111.0;7.0;48.0;1128.0;2.0;0.0;1126.0;151.0;162.0;478.0;132.0;73.0;439.0;39.0;8.0;269.0;328.0;48.0;125.0;0.0
4132;Birrwil;2019-10-20;857.0;415.0;2.0;16.0;418.0;1.0;0.0;417.0;43.0;71.0;213.0;33.0;20.0;189.0;17.0;2.0;83.0;102.0;18.0;43.0;0.0
4133;Burg (AG);2019-10-20;554.0;174.0;2.0;9.0;178.0;0.0;0.0;178.0;12.0;21.0;84.0;12.0;8.0;86.0;6.0;1.0;43.0;52.0;3.0;28.0;0.0
4134;Dürrenäsch;2019-10-20;881.0;438.0;0.0;16.0;442.0;1.0;0.0;441.0;50.0;55.0;231.0;18.0;87.0;255.0;10.0;0.0;38.0;54.0;11.0;70.0;3.0
4135;Gontenschwil;2019-10-20;1481.0;626.0;4.0;19.0;627.0;1.0;1.0;625.0;81.0;66.0;297.0;38.0;65.0;350.0;24.0;9.0;85.0;106.0;16.0;104.0;9.0
4136;Holziken;2019-10-20;1006.0;374.0;9.0;19.0;382.0;0.0;1.0;381.0;47.0;44.0;206.0;24.0;19.0;247.0;22.0;8.0;22.0;50.0;14.0;58.0;1.0
4137;Leimbach (AG);2019-10-20;339.0;149.0;2.0;1.0;146.0;2.0;0.0;144.0;31.0;18.0;74.0;4.0;14.0;73.0;6.0;1.0;18.0;29.0;1.0;19.0;0.0
4138;Leutwil;2019-10-20;579.0;277.0;1.0;15.0;285.0;1.0;0.0;284.0;30.0;29.0;151.0;22.0;23.0;164.0;10.0;9.0;41.0;45.0;12.0;31.0;1.0
4139;Menziken;2019-10-20;3257.0;1119.0;1.0;33.0;1103.0;2.0;2.0;1099.0;120.0;130.0;511.0;84.0;75.0;535.0;63.0;22.0;198.0;269.0;21.0;159.0;11.0
4140;Oberkulm;2019-10-20;1724.0;739.0;9.0;26.0;738.0;2.0;2.0;734.0;71.0;73.0;383.0;50.0;53.0;413.0;10.0;8.0;105.0;156.0;28.0;117.0;1.0
4141;Reinach (AG);2019-10-20;4369.0;1534.0;12.0;46.0;1525.0;2.0;3.0;1520.0;150.0;191.0;714.0;99.0;114.0;762.0;77.0;23.0;221.0;370.0;55.0;227.0;37.0
4142;Schlossrued;2019-10-20;635.0;259.0;0.0;21.0;269.0;0.0;0.0;269.0;42.0;32.0;125.0;19.0;45.0;164.0;7.0;1.0;31.0;32.0;10.0;25.0;5.0
4143;Schmiedrued;2019-10-20;863.0;363.0;3.0;14.0;345.0;1.0;0.0;344.0;36.0;32.0;143.0;27.0;39.0;199.0;13.0;8.0;48.0;66.0;13.0;61.0;3.0
4144;Schöftland;2019-10-20;3081.0;1467.0;4.0;20.0;1438.0;0.0;0.0;1438.0;208.0;193.0;713.0;142.0;138.0;619.0;26.0;10.0;227.0;364.0;80.0;155.0;1.0
4145;Teufenthal (AG);2019-10-20;1048.0;430.0;9.0;27.0;433.0;0.0;0.0;433.0;48.0;64.0;214.0;45.0;27.0;202.0;12.0;8.0;52.0;120.0;20.0;54.0;0.0
4146;Unterkulm;2019-10-20;1815.0;741.0;4.0;18.0;734.0;1.0;1.0;732.0;100.0;81.0;383.0;69.0;47.0;352.0;16.0;10.0;108.0;197.0;11.0;76.0;14.0
4147;Zetzwil;2019-10-20;961.0;473.0;5.0;16.0;474.0;3.0;0.0;471.0;64.0;50.0;253.0;38.0;48.0;267.0;12.0;3.0;44.0;73.0;19.0;68.0;3.0
4161;Eiken;2019-10-20;1472.0;494.0;1.0;24.0;492.0;5.0;0.0;487.0;85.0;107.0;167.0;48.0;20.0;208.0;15.0;4.0;84.0;132.0;32.0;71.0;1.0
4163;Frick;2019-10-20;3417.0;1464.0;2.0;49.0;1467.0;6.0;0.0;1461.0;181.0;348.0;573.0;163.0;72.0;543.0;46.0;10.0;294.0;432.0;62.0;196.0;2.0
4164;Gansingen;2019-10-20;785.0;411.0;1.0;21.0;424.0;0.0;0.0;424.0;46.0;148.0;170.0;26.0;20.0;222.0;3.0;4.0;57.0;66.0;13.0;71.0;2.0
4165;Gipf-Oberfrick;2019-10-20;2515.0;1227.0;17.0;84.0;1254.0;3.0;1.0;1250.0;165.0;275.0;472.0;173.0;47.0;457.0;32.0;7.0;301.0;388.0;29.0;154.0;0.0
4166;Herznach;2019-10-20;1069.0;488.0;3.0;20.0;501.0;2.0;2.0;497.0;56.0;108.0;235.0;54.0;19.0;248.0;17.0;8.0;70.0;114.0;0.0;51.0;14.0
4167;Hornussen;2019-10-20;633.0;221.0;3.0;8.0;217.0;0.0;0.0;217.0;23.0;50.0;66.0;19.0;9.0;115.0;10.0;1.0;35.0;49.0;7.0;49.0;1.0
4169;Kaisten;2019-10-20;1798.0;724.0;3.0;17.0;715.0;1.0;0.0;714.0;66.0;196.0;251.0;73.0;25.0;314.0;10.0;3.0;136.0;199.0;19.0;133.0;3.0
4170;Laufenburg;2019-10-20;1986.0;891.0;2.0;27.0;888.0;5.0;1.0;882.0;75.0;227.0;359.0;67.0;25.0;400.0;21.0;6.0;150.0;258.0;39.0;135.0;2.0
4172;Münchwilen (AG);2019-10-20;554.0;227.0;0.0;9.0;230.0;0.0;0.0;230.0;24.0;38.0;105.0;19.0;4.0;103.0;9.0;3.0;35.0;64.0;7.0;49.0;0.0
4173;Oberhof;2019-10-20;398.0;196.0;2.0;13.0;200.0;0.0;0.0;200.0;28.0;46.0;52.0;13.0;7.0;95.0;7.0;2.0;39.0;61.0;1.0;49.0;0.0
4175;Oeschgen;2019-10-20;704.0;258.0;3.0;22.0;274.0;1.0;0.0;273.0;47.0;61.0;106.0;44.0;10.0;121.0;7.0;1.0;44.0;61.0;8.0;33.0;3.0
4176;Schwaderloch;2019-10-20;428.0;178.0;5.0;6.0;149.0;0.0;4.0;145.0;6.0;29.0;64.0;8.0;8.0;114.0;8.0;1.0;9.0;24.0;15.0;0.0;4.0
4177;Sisseln;2019-10-20;968.0;294.0;1.0;10.0;290.0;1.0;0.0;289.0;24.0;43.0;110.0;32.0;11.0;154.0;13.0;3.0;54.0;78.0;9.0;47.0;0.0
4179;Ueken;2019-10-20;607.0;236.0;2.0;9.0;238.0;0.0;0.0;238.0;30.0;53.0;75.0;26.0;9.0;115.0;6.0;2.0;51.0;51.0;14.0;44.0;0.0
4181;Wittnau;2019-10-20;977.0;509.0;10.0;22.0;508.0;3.0;0.0;505.0;69.0;119.0;221.0;45.0;16.0;227.0;20.0;4.0;87.0;121.0;16.0;65.0;0.0
4182;Wölflinswil;2019-10-20;758.0;370.0;7.0;10.0;368.0;1.0;0.0;367.0;55.0;73.0;114.0;30.0;11.0;182.0;8.0;1.0;72.0;95.0;13.0;80.0;0.0
4183;Zeihen;2019-10-20;795.0;447.0;4.0;11.0;435.0;0.0;0.0;435.0;69.0;73.0;156.0;40.0;18.0;218.0;10.0;1.0;92.0;111.0;16.0;66.0;0.0
4184;Mettauertal;2019-10-20;1444.0;677.0;12.0;15.0;670.0;0.0;1.0;669.0;64.0;159.0;266.0;41.0;27.0;371.0;15.0;5.0;95.0;155.0;13.0;118.0;9.0
4191;Ammerswil;2019-10-20;482.0;211.0;1.0;3.0;207.0;0.0;0.0;207.0;34.0;14.0;97.0;25.0;7.0;96.0;1.0;1.0;35.0;63.0;8.0;33.0;0.0
4192;Boniswil;2019-10-20;1034.0;505.0;2.0;4.0;500.0;0.0;0.0;500.0;63.0;65.0;202.0;47.0;20.0;226.0;9.0;6.0;107.0;147.0;21.0;84.0;3.0
4193;Brunegg;2019-10-20;531.0;196.0;4.0;10.0;198.0;0.0;0.0;198.0;27.0;28.0;105.0;19.0;13.0;97.0;12.0;1.0;25.0;37.0;3.0;29.0;0.0
4194;Dintikon;2019-10-20;1347.0;549.0;4.0;6.0;527.0;1.0;3.0;523.0;86.0;75.0;258.0;47.0;27.0;271.0;18.0;3.0;71.0;92.0;17.0;77.0;4.0
4195;Egliswil;2019-10-20;1064.0;497.0;2.0;22.0;488.0;1.0;0.0;487.0;79.0;65.0;215.0;54.0;34.0;218.0;21.0;4.0;96.0;107.0;18.0;63.0;0.0
4196;Fahrwangen;2019-10-20;1392.0;557.0;11.0;17.0;529.0;3.0;0.0;526.0;72.0;89.0;201.0;80.0;39.0;210.0;15.0;12.0;98.0;135.0;26.0;74.0;1.0
4197;Hallwil;2019-10-20;597.0;241.0;4.0;7.0;233.0;3.0;0.0;230.0;39.0;16.0;107.0;26.0;16.0;130.0;2.0;4.0;31.0;38.0;11.0;38.0;2.0
4198;Hendschiken;2019-10-20;862.0;344.0;4.0;8.0;340.0;0.0;0.0;340.0;114.0;31.0;126.0;43.0;17.0;142.0;9.0;5.0;54.0;93.0;12.0;31.0;3.0
4199;Holderbank (AG);2019-10-20;745.0;286.0;11.0;5.0;277.0;0.0;0.0;277.0;32.0;25.0;127.0;23.0;10.0;176.0;16.0;3.0;34.0;41.0;12.0;55.0;0.0
4200;Hunzenschwil;2019-10-20;2292.0;759.0;0.0;31.0;765.0;4.0;1.0;760.0;92.0;91.0;394.0;75.0;40.0;385.0;24.0;8.0;104.0;158.0;33.0;112.0;4.0
4201;Lenzburg;2019-10-20;6497.0;3225.0;37.0;161.0;3286.0;3.0;0.0;3283.0;444.0;511.0;1280.0;562.0;142.0;788.0;88.0;18.0;946.0;1298.0;106.0;366.0;17.0
4202;Meisterschwanden;2019-10-20;2080.0;973.0;10.0;27.0;960.0;3.0;0.0;957.0;108.0;147.0;508.0;107.0;24.0;469.0;33.0;10.0;152.0;194.0;38.0;122.0;2.0
4203;Möriken-Wildegg;2019-10-20;2880.0;1418.0;4.0;32.0;1418.0;1.0;1.0;1416.0;185.0;209.0;746.0;199.0;64.0;570.0;37.0;10.0;236.0;364.0;17.0;188.0;7.0
4204;Niederlenz;2019-10-20;2685.0;1125.0;18.0;48.0;1136.0;0.0;0.0;1136.0;155.0;174.0;420.0;159.0;35.0;369.0;33.0;10.0;316.0;431.0;36.0;124.0;10.0
4205;Othmarsingen;2019-10-20;1751.0;671.0;5.0;39.0;691.0;2.0;0.0;689.0;116.0;132.0;299.0;80.0;37.0;278.0;29.0;8.0;115.0;168.0;22.0;91.0;3.0
4206;Rupperswil;2019-10-20;3406.0;2025.0;32.0;28.0;1696.0;12.0;0.0;1684.0;240.0;218.0;830.0;238.0;86.0;705.0;52.0;9.0;257.0;447.0;48.0;231.0;7.0
4207;Schafisheim;2019-10-20;1957.0;883.0;7.0;23.0;879.0;2.0;0.0;877.0;121.0;102.0;395.0;113.0;54.0;356.0;31.0;7.0;174.0;263.0;32.0;103.0;3.0
4208;Seengen;2019-10-20;2916.0;1557.0;9.0;61.0;1564.0;6.0;0.0;1558.0;208.0;238.0;838.0;186.0;77.0;732.0;36.0;13.0;226.0;293.0;56.0;207.0;6.0
4209;Seon;2019-10-20;3200.0;1443.0;30.0;56.0;1437.0;2.0;4.0;1431.0;172.0;227.0;658.0;149.0;74.0;590.0;45.0;12.0;266.0;405.0;45.0;216.0;3.0
4210;Staufen;2019-10-20;2483.0;1276.0;6.0;29.0;1275.0;5.0;0.0;1270.0;218.0;206.0;560.0;195.0;78.0;411.0;36.0;10.0;270.0;379.0;34.0;139.0;4.0
4221;Abtwil;2019-10-20;656.0;247.0;1.0;15.0;253.0;0.0;0.0;253.0;35.0;74.0;95.0;35.0;4.0;120.0;7.0;10.0;45.0;43.0;7.0;31.0;0.0
4222;Aristau;2019-10-20;1001.0;400.0;2.0;28.0;412.0;1.0;0.0;411.0;40.0;83.0;186.0;51.0;24.0;190.0;14.0;8.0;68.0;78.0;16.0;63.0;1.0
4223;Auw;2019-10-20;1284.0;517.0;11.0;8.0;500.0;0.0;0.0;500.0;58.0;162.0;200.0;54.0;26.0;230.0;16.0;4.0;56.0;96.0;27.0;67.0;4.0
4224;Beinwil (Freiamt);2019-10-20;847.0;403.0;8.0;3.0;365.0;2.0;6.0;357.0;49.0;100.0;194.0;37.0;14.0;186.0;9.0;11.0;41.0;52.0;19.0;2.0;0.0
4226;Besenbüren;2019-10-20;437.0;209.0;2.0;9.0;203.0;1.0;1.0;201.0;31.0;37.0;76.0;16.0;12.0;93.0;8.0;4.0;39.0;54.0;3.0;29.0;0.0
4227;Bettwil;2019-10-20;454.0;226.0;1.0;7.0;229.0;0.0;0.0;229.0;31.0;61.0;101.0;17.0;6.0;116.0;10.0;4.0;20.0;33.0;26.0;32.0;1.0
4228;Boswil;2019-10-20;1851.0;808.0;14.0;24.0;768.0;1.0;0.0;767.0;80.0;179.0;368.0;49.0;20.0;415.0;22.0;11.0;95.0;138.0;26.0;129.0;2.0
4229;Bünzen;2019-10-20;723.0;362.0;7.0;26.0;364.0;2.0;0.0;362.0;36.0;74.0;176.0;36.0;11.0;169.0;8.0;4.0;73.0;96.0;5.0;36.0;0.0
4230;Buttwil;2019-10-20;861.0;377.0;2.0;20.0;390.0;1.0;0.0;389.0;51.0;97.0;157.0;50.0;15.0;149.0;21.0;4.0;90.0;83.0;26.0;35.0;0.0
4231;Dietwil;2019-10-20;863.0;357.0;2.0;4.0;350.0;1.0;0.0;349.0;49.0;105.0;138.0;32.0;10.0;185.0;11.0;13.0;37.0;46.0;23.0;48.0;1.0
4232;Geltwil;2019-10-20;157.0;75.0;1.0;4.0;76.0;0.0;0.0;76.0;14.0;22.0;39.0;7.0;0.0;38.0;2.0;2.0;8.0;13.0;0.0;7.0;0.0
4233;Kallern;2019-10-20;262.0;122.0;3.0;6.0;123.0;0.0;1.0;122.0;13.0;28.0;56.0;14.0;4.0;56.0;3.0;3.0;14.0;20.0;14.0;19.0;0.0
4234;Merenschwand;2019-10-20;2288.0;1106.0;10.0;40.0;1099.0;3.0;1.0;1095.0;129.0;325.0;540.0;122.0;25.0;460.0;33.0;25.0;142.0;203.0;42.0;137.0;7.0
4235;Mühlau;2019-10-20;774.0;324.0;3.0;13.0;310.0;0.0;0.0;310.0;33.0;78.0;133.0;35.0;13.0;141.0;7.0;7.0;46.0;57.0;11.0;52.0;7.0
4236;Muri (AG);2019-10-20;5128.0;2209.0;17.0;64.0;2208.0;1.0;1.0;2206.0;204.0;578.0;950.0;289.0;51.0;785.0;64.0;38.0;465.0;632.0;69.0;265.0;22.0
4237;Oberrüti;2019-10-20;1031.0;424.0;1.0;10.0;421.0;0.0;1.0;420.0;64.0;125.0;171.0;63.0;29.0;151.0;15.0;4.0;63.0;100.0;8.0;47.0;0.0
4238;Rottenschwil;2019-10-20;657.0;292.0;4.0;15.0;292.0;2.0;0.0;290.0;42.0;49.0;116.0;34.0;9.0;148.0;9.0;4.0;38.0;74.0;6.0;50.0;1.0
4239;Sins;2019-10-20;2736.0;1097.0;10.0;31.0;1090.0;1.0;1.0;1088.0;131.0;333.0;474.0;116.0;45.0;466.0;42.0;27.0;156.0;197.0;48.0;140.0;1.0
4240;Waltenschwil;2019-10-20;2032.0;871.0;3.0;37.0;856.0;5.0;0.0;851.0;105.0;210.0;382.0;82.0;22.0;359.0;21.0;8.0;144.0;214.0;40.0;109.0;6.0
4251;Hellikon;2019-10-20;603.0;239.0;2.0;4.0;236.0;0.0;0.0;236.0;33.0;54.0;80.0;18.0;9.0;142.0;6.0;1.0;39.0;39.0;5.0;46.0;0.0
4252;Kaiseraugst;2019-10-20;3207.0;1059.0;11.0;38.0;1046.0;9.0;0.0;1037.0;124.0;190.0;283.0;140.0;33.0;358.0;35.0;19.0;255.0;401.0;34.0;192.0;10.0
4253;Magden;2019-10-20;2646.0;1230.0;11.0;55.0;1224.0;1.0;15.0;1208.0;151.0;277.0;413.0;182.0;50.0;402.0;43.0;7.0;291.0;387.0;47.0;166.0;0.0
4254;Möhlin;2019-10-20;6721.0;2306.0;28.0;82.0;2295.0;10.0;0.0;2285.0;275.0;400.0;773.0;319.0;137.0;874.0;74.0;23.0;543.0;722.0;90.0;334.0;6.0
4255;Mumpf;2019-10-20;874.0;253.0;4.0;3.0;244.0;1.0;1.0;242.0;29.0;40.0;77.0;41.0;9.0;108.0;4.0;6.0;58.0;62.0;2.0;48.0;0.0
4256;Obermumpf;2019-10-20;736.0;296.0;1.0;6.0;298.0;2.0;0.0;296.0;36.0;78.0;74.0;26.0;11.0;113.0;13.0;3.0;68.0;97.0;18.0;53.0;2.0
4257;Olsberg;2019-10-20;272.0;145.0;2.0;2.0;144.0;1.0;0.0;143.0;15.0;29.0;54.0;24.0;8.0;55.0;2.0;2.0;32.0;43.0;5.0;17.0;0.0
4258;Rheinfelden;2019-10-20;7658.0;3820.0;48.0;152.0;3379.0;49.0;1.0;3329.0;403.0;602.0;1042.0;552.0;134.0;981.0;109.0;35.0;980.0;1221.0;134.0;453.0;12.0
4259;Schupfart;2019-10-20;573.0;336.0;1.0;7.0;293.0;2.0;3.0;288.0;46.0;65.0;143.0;14.0;6.0;162.0;11.0;3.0;22.0;31.0;6.0;67.0;0.0
4260;Stein (AG);2019-10-20;1574.0;590.0;7.0;33.0;579.0;2.0;0.0;577.0;64.0;139.0;209.0;56.0;28.0;242.0;25.0;10.0;116.0;156.0;16.0;92.0;1.0
4261;Wallbach;2019-10-20;1407.0;609.0;6.0;18.0;590.0;1.0;1.0;588.0;55.0;122.0;224.0;86.0;15.0;248.0;22.0;6.0;129.0;152.0;15.0;98.0;4.0
4262;Wegenstetten;2019-10-20;773.0;343.0;3.0;16.0;328.0;3.0;0.0;325.0;36.0;82.0;130.0;40.0;19.0;159.0;8.0;2.0;55.0;68.0;6.0;44.0;1.0
4263;Zeiningen;2019-10-20;1608.0;652.0;8.0;17.0;639.0;1.0;0.0;638.0;92.0;167.0;238.0;79.0;20.0;232.0;25.0;9.0;133.0;178.0;14.0;88.0;1.0
4264;Zuzgen;2019-10-20;645.0;258.0;5.0;8.0;252.0;1.0;0.0;251.0;20.0;42.0;66.0;31.0;18.0;119.0;11.0;0.0;65.0;78.0;12.0;40.0;0.0
4271;Aarburg;2019-10-20;3868.0;1388.0;8.0;47.0;1378.0;7.0;2.0;1369.0;162.0;187.0;515.0;155.0;81.0;509.0;59.0;13.0;277.0;493.0;76.0;206.0;5.0
4273;Bottenwil;2019-10-20;594.0;265.0;2.0;14.0;272.0;0.0;0.0;272.0;38.0;38.0;128.0;21.0;37.0;130.0;4.0;2.0;43.0;64.0;3.0;36.0;0.0
4274;Brittnau;2019-10-20;2851.0;1238.0;14.0;69.0;1246.0;4.0;0.0;1242.0;149.0;154.0;572.0;93.0;78.0;537.0;34.0;11.0;225.0;405.0;47.0;179.0;0.0
4275;Kirchleerau;2019-10-20;619.0;300.0;0.0;5.0;290.0;1.0;0.0;289.0;44.0;24.0;142.0;14.0;30.0;170.0;10.0;1.0;31.0;56.0;7.0;48.0;1.0
4276;Kölliken;2019-10-20;2915.0;1123.0;18.0;45.0;1149.0;1.0;0.0;1148.0;148.0;153.0;497.0;104.0;127.0;488.0;29.0;3.0;208.0;342.0;54.0;141.0;2.0
4277;Moosleerau;2019-10-20;648.0;286.0;5.0;9.0;282.0;0.0;0.0;282.0;28.0;34.0;123.0;26.0;29.0;169.0;12.0;3.0;30.0;55.0;5.0;45.0;5.0
4279;Murgenthal;2019-10-20;1997.0;694.0;8.0;80.0;718.0;4.0;1.0;713.0;89.0;85.0;307.0;81.0;56.0;379.0;25.0;6.0;88.0;167.0;23.0;117.0;3.0
4280;Oftringen;2019-10-20;7303.0;2381.0;16.0;168.0;2407.0;6.0;1.0;2400.0;253.0;373.0;1051.0;259.0;218.0;942.0;61.0;26.0;431.0;767.0;55.0;360.0;4.0
4281;Reitnau;2019-10-20;1074.0;514.0;0.0;21.0;521.0;1.0;0.0;520.0;74.0;54.0;228.0;42.0;83.0;289.0;9.0;6.0;76.0;94.0;15.0;70.0;0.0
4282;Rothrist;2019-10-20;5683.0;2058.0;28.0;81.0;2042.0;2.0;0.0;2040.0;217.0;276.0;953.0;168.0;181.0;978.0;65.0;24.0;247.0;561.0;66.0;341.0;3.0
4283;Safenwil;2019-10-20;2488.0;856.0;7.0;62.0;875.0;5.0;0.0;870.0;118.0;106.0;407.0;63.0;64.0;417.0;25.0;4.0;127.0;236.0;18.0;153.0;2.0
4284;Staffelbach;2019-10-20;901.0;356.0;5.0;10.0;349.0;0.0;0.0;349.0;48.0;35.0;160.0;41.0;23.0;212.0;3.0;4.0;39.0;49.0;18.0;65.0;1.0
4285;Strengelbach;2019-10-20;2945.0;1188.0;14.0;66.0;1214.0;2.0;2.0;1210.0;128.0;183.0;487.0;120.0;128.0;465.0;46.0;13.0;234.0;416.0;50.0;149.0;1.0
4286;Uerkheim;2019-10-20;1005.0;411.0;4.0;7.0;400.0;3.0;0.0;397.0;52.0;43.0;191.0;25.0;22.0;215.0;10.0;8.0;54.0;76.0;18.0;78.0;2.0
4287;Vordemwald;2019-10-20;1480.0;655.0;6.0;29.0;661.0;1.0;0.0;660.0;88.0;98.0;282.0;67.0;51.0;275.0;11.0;10.0;112.0;194.0;14.0;118.0;0.0
4288;Wiliberg;2019-10-20;140.0;82.0;1.0;10.0;85.0;0.0;0.0;85.0;13.0;6.0;33.0;10.0;3.0;53.0;1.0;1.0;8.0;21.0;0.0;21.0;0.0
4289;Zofingen;2019-10-20;7980.0;4328.0;56.0;176.0;4187.0;13.0;2.0;4172.0;429.0;589.0;1727.0;591.0;239.0;1220.0;126.0;29.0;1018.0;1760.0;97.0;512.0;7.0
4301;Baldingen;2019-10-20;195.0;73.0;0.0;11.0;83.0;0.0;0.0;83.0;7.0;27.0;34.0;2.0;3.0;45.0;5.0;0.0;11.0;18.0;3.0;11.0;0.0
4302;Böbikon;2019-10-20;131.0;56.0;1.0;19.0;72.0;1.0;0.0;71.0;4.0;20.0;23.0;7.0;0.0;49.0;2.0;0.0;11.0;7.0;4.0;15.0;0.0
4303;Böttstein;2019-10-20;1998.0;838.0;7.0;18.0;832.0;1.0;4.0;827.0;62.0;205.0;408.0;61.0;12.0;491.0;12.0;7.0;83.0;157.0;17.0;130.0;9.0
4304;Döttingen;2019-10-20;2009.0;840.0;11.0;27.0;817.0;1.0;1.0;815.0;41.0;198.0;366.0;54.0;15.0;471.0;32.0;7.0;109.0;173.0;13.0;144.0;7.0
4305;Endingen;2019-10-20;1636.0;885.0;5.0;34.0;875.0;5.0;0.0;870.0;68.0;224.0;396.0;75.0;22.0;393.0;18.0;3.0;173.0;245.0;17.0;98.0;8.0
4306;Fisibach;2019-10-20;277.0;113.0;0.0;9.0;121.0;0.0;0.0;121.0;11.0;26.0;38.0;12.0;3.0;66.0;6.0;0.0;24.0;30.0;2.0;24.0;0.0
4307;Full-Reuenthal;2019-10-20;576.0;261.0;1.0;23.0;280.0;0.0;0.0;280.0;22.0;61.0;136.0;15.0;10.0;166.0;6.0;5.0;25.0;53.0;10.0;51.0;0.0
4308;Kaiserstuhl;2019-10-20;223.0;93.0;1.0;16.0;108.0;0.0;2.0;106.0;9.0;18.0;28.0;8.0;5.0;42.0;4.0;1.0;38.0;47.0;2.0;10.0;0.0
4309;Klingnau;2019-10-20;2080.0;930.0;11.0;51.0;956.0;0.0;0.0;956.0;67.0;245.0;440.0;94.0;12.0;473.0;21.0;3.0;153.0;239.0;34.0;130.0;1.0
4310;Koblenz;2019-10-20;806.0;275.0;6.0;13.0;277.0;2.0;0.0;275.0;14.0;68.0;91.0;22.0;7.0;144.0;6.0;1.0;55.0;73.0;5.0;62.0;2.0
4311;Leibstadt;2019-10-20;750.0;333.0;1.0;23.0;349.0;3.0;0.0;346.0;19.0;55.0;148.0;25.0;3.0;262.0;4.0;2.0;28.0;39.0;7.0;100.0;0.0
4312;Lengnau (AG);2019-10-20;1868.0;894.0;1.0;59.0;922.0;1.0;0.0;921.0;71.0;205.0;426.0;102.0;23.0;448.0;32.0;8.0;164.0;213.0;28.0;121.0;1.0
4313;Leuggern;2019-10-20;1434.0;692.0;5.0;40.0;718.0;2.0;0.0;716.0;59.0;177.0;342.0;47.0;13.0;470.0;21.0;12.0;58.0;103.0;14.0;111.0;5.0
4314;Mellikon;2019-10-20;153.0;78.0;0.0;11.0;88.0;2.0;0.0;86.0;2.0;12.0;41.0;6.0;2.0;36.0;0.0;0.0;32.0;24.0;3.0;14.0;0.0
4315;Rekingen (AG);2019-10-20;531.0;189.0;2.0;7.0;193.0;0.0;0.0;193.0;13.0;30.0;75.0;11.0;7.0;115.0;6.0;4.0;37.0;50.0;2.0;31.0;5.0
4316;Rietheim;2019-10-20;386.0;165.0;2.0;2.0;162.0;0.0;1.0;161.0;14.0;39.0;66.0;19.0;4.0;76.0;6.0;0.0;33.0;42.0;0.0;22.0;1.0
4317;Rümikon;2019-10-20;180.0;81.0;2.0;5.0;75.0;0.0;0.0;75.0;10.0;8.0;36.0;3.0;3.0;41.0;4.0;3.0;10.0;18.0;0.0;14.0;0.0
4318;Schneisingen;2019-10-20;1102.0;489.0;2.0;52.0;531.0;3.0;0.0;528.0;42.0;123.0;222.0;56.0;20.0;254.0;20.0;5.0;91.0;119.0;22.0;81.0;1.0
4319;Siglistorf;2019-10-20;405.0;206.0;0.0;10.0;197.0;0.0;0.0;197.0;15.0;44.0;71.0;16.0;17.0;125.0;6.0;3.0;26.0;42.0;6.0;23.0;0.0
4320;Tegerfelden;2019-10-20;795.0;339.0;3.0;15.0;340.0;1.0;0.0;339.0;32.0;76.0;154.0;31.0;10.0;191.0;10.0;2.0;50.0;51.0;19.0;47.0;5.0
4322;Wislikofen;2019-10-20;250.0;123.0;0.0;3.0;121.0;0.0;0.0;121.0;13.0;40.0;26.0;11.0;2.0;69.0;0.0;2.0;26.0;31.0;1.0;21.0;0.0
4323;Bad Zurzach;2019-10-20;2297.0;933.0;13.0;86.0;985.0;6.0;2.0;977.0;63.0;233.0;376.0;87.0;30.0;443.0;31.0;4.0;204.0;283.0;41.0;154.0;5.0
4330;nicht zuteilbar;2019-10-20;10343.0;1924.0;10.0;8.0;1735.0;11.0;4.0;1720.0;163.0;283.0;452.0;367.0;106.0;393.0;75.0;12.0;705.0;610.0;109.0;162.0;3.0
